{
  "Leicester City": 1516.5,
  "Bristol City": 1483.5,
  "Lecce": 1517.223572073265,
  "Cremonese": 1482.776427926735,
  "Shelbourne": 1500.0,
  "Shamrock Rovers": 1500.0,
  "Botafogo": 1485.0,
  "Barcelona SC Guayaquil": 1515.0,
  "NK Slaven Belupo": 1522.5,
  "NK Lokomotiva Zagreb": 1477.5,
  "OFK Beograd": 1500.0,
  "FK Radni\u010dki 1923": 1500.0,
  "FK Mladost Lu\u010dani": 1477.5,
  "FK Novi Pazar": 1522.5,
  "Universidad de Chile": 1500.0,
  "Universidad de Concepci\u00f3n": 1500.0,
  "Deportivo Pasto": 1522.5,
  "Am\u00e9rica de Cali": 1477.5,
  "Llaneros FC": 1522.5,
  "Jaguares de C\u00f3rdoba": 1477.5,
  "Millonarios": 1521.529952623696,
  "C\u00facuta Deportivo": 1477.5,
  "Atl\u00e9tico Bucaramanga": 1526.25,
  "Deportivo Pereira": 1473.75,
  "Junior Barranquilla": 1471.875,
  "Atl\u00e9tico Nacional": 1528.125,
  "Wis\u0142a P\u0142ock": 1473.75,
  "MZKS Arka Gdynia": 1526.25,
  "Alianza Lima": 1536.529952623696,
  "Melgar": 1477.5,
  "Cienciano": 1522.5,
  "Sport Boys": 1477.5,
  "CFR 1907 Cluj": 1522.5,
  "FC Dinamo Bucure\u0219ti": 1477.5,
  "Philadelphia Union": 1485.0,
  "Club Am\u00e9rica": 1515.0,
  "CF Monterrey": 1485.0,
  "Cruz Azul": 1515.0,
  "K. Beerschot V.A.": 1522.5,
  "RSCA Futures U23": 1477.5,
  "Al Bataeh": 1515.0,
  "Ajman": 1485.0,
  "Jong KRC Genk U23": 1500.0,
  "Club NXT U23": 1500.0,
  "Al-Dhafra": 1485.0,
  "Al-Jazira": 1515.0,
  "KAS Eupen": 1485.0,
  "Koninklijke Lierse Sportkring": 1515.0,
  "Patro Eisden Maasmechelen": 1500.0,
  "RFC Li\u00e8ge": 1500.0,
  "Floridsdorfer AC": 1522.5,
  "Schwarz-Wei\u00df Bregenz": 1477.5,
  "Sturm Graz II": 1485.0,
  "FC Liefering": 1515.0,
  "FK Sloga Doboj": 1500.0,
  "FK \u017deljezni\u010dar": 1500.0,
  "Uni\u00f3n Espa\u00f1ola": 1485.0,
  "Deportes Magallanes": 1515.0,
  "Santiago Wanderers": 1515.0,
  "Deportes Santa Cruz": 1485.0,
  "Deportes Copiap\u00f3": 1500.0,
  "Deportes Temuco": 1500.0,
  "Real Santander": 1500.0,
  "Boca Juniors de Cali": 1500.0,
  "Real Cartagena": 1500.0,
  "Internacional de Palmira": 1500.0,
  "Municipal Liberia": 1515.0,
  "Guadalupe FC": 1485.0,
  "Sporting FC": 1514.3528000084657,
  "Municipal P\u00e9rez Zeled\u00f3n": 1485.0,
  "AC Horsens": 1477.5,
  "Lyngby": 1522.5,
  "FK Kauno \u017dalgiris": 1528.125,
  "FK Panev\u0117\u017eys": 1471.875,
  "KF Shk\u00ebndija": 1500.0,
  "AP Brera Strumica": 1500.0,
  "FK Rabotni\u010dki Skopje": 1515.0,
  "FK Arsimi 1973": 1485.0,
  "FK Sileks Kratovo": 1485.0,
  "FK Vardar Skopje": 1515.0,
  "FK \u017dalgiris": 1515.0,
  "FK S\u016bduva Marijampol\u0117": 1485.0,
  "Bangor FC": 1471.875,
  "Glentoran FC": 1528.125,
  "Linfield FC": 1522.5,
  "Portadown FC": 1477.5,
  "Recoleta FC": 1500.0,
  "Sportivo Ameliano": 1500.0,
  "Crusaders FC": 1485.0,
  "Cliftonville FC": 1515.0,
  "Egersund": 1485.0,
  "Aalesunds FK": 1515.0,
  "Sportivo Trinidense": 1500.0,
  "Nacional Asunci\u00f3n": 1500.0,
  "Polonia Warszawa": 1485.0,
  "\u0141KS \u0141\u00f3d\u017a": 1515.0,
  "ASA T\u00e2rgu Mure\u015f": 1477.5,
  "Chindia T\u00e2rgovi\u0219te": 1522.5,
  "Shinnik Yaroslavl": 1515.0,
  "FC Ufa": 1485.0,
  "Rotor Volgograd": 1500.0,
  "Ural Yekaterinburg": 1500.0,
  "Peterhead": 1522.5,
  "Alloa Athletic": 1477.5,
  "Dumbarton": 1522.5,
  "Stranraer": 1477.5,
  "Arsenal Tula": 1485.0,
  "Volga Ulyanovsk": 1515.0,
  "Annan Athletic": 1515.0,
  "Elgin City": 1485.0,
  "Independiente Medell\u00edn U20": 1485.0,
  "Estudiantes de M\u00e9rida U20": 1515.0,
  "Club Bolivar U20": 1473.75,
  "Flamengo U20": 1526.25,
  "Kalcer Radomlje": 1477.5,
  "NK Bravo": 1522.5,
  "M\u0160K \u017dilina": 1526.25,
  "AS Tren\u010d\u00edn": 1473.75,
  "Belgrano U20": 1500.0,
  "LDU Quito U20": 1500.0,
  "Nacional U20": 1477.5,
  "Santiago Wanderers U20": 1522.5,
  "AIK": 1528.125,
  "BK H\u00e4cken": 1471.875,
  "V\u00e4ster\u00e5s SK": 1485.0,
  "IK Oddevold": 1515.0,
  "Cerro Largo": 1485.0,
  "Montevideo City Torque": 1515.0,
  "Boston River": 1485.0,
  "Liverpool UY": 1515.0,
  "Halmstads BK": 1471.875,
  "Kalmar FF": 1528.125,
  "Racing de C\u00f3rdoba": 1515.0,
  "Almirante Brown": 1485.0,
  "Test Home": 1500.0,
  "Test Away": 1500.0,
  "Sunderland": 1482.0,
  "Brighton & Hove Albion": 1518.0,
  "Burnley": 1500.0,
  "Bournemouth": 1500.0,
  "Team H 2026-02-14-0": 1518.0,
  "Team A 2026-02-14-0": 1482.0,
  "Bobo-Dioulasso": 1500.0,
  "Sporting Cascades": 1500.0,
  "Belgrano": 1514.3528000084657,
  "Banfield": 1485.0,
  "Motagua": 1500.0,
  "UPNFM": 1500.0,
  "Singida Black Stars (Tan)": 1500.0,
  "CR Belouizdad (Alg)": 1500.0,
  "Carroi": 1500.0,
  "FC Rangers": 1500.0,
  "Bologna": 1500.0,
  "AS Roma": 1500.0,
  "Jong AZ": 1500.0,
  "Dordrecht": 1500.0,
  "Rijeka": 1500.0,
  "Strasbourg": 1500.0,
  "Juventus": 1500.0,
  "Lazio": 1500.0,
  "AZ Alkmaar": 1500.0,
  "Sparta Prague": 1500.0,
  "Rivers United (Nga)": 1500.0,
  "Pyramids (Egy)": 1500.0,
  "Bahia U17": 1500.0,
  "Fortaleza U17": 1500.0,
  "Svay Rieng (Cam)": 1500.0,
  "Phnom Penh Crown (Cam)": 1500.0,
  "Flamengo RJ U20 W": 1500.0,
  "UD Alagoana U20 W": 1500.0,
  "Nottingham": 1500.0,
  "Midtjylland": 1500.0,
  "Bullom Stars": 1500.0,
  "Mighty Blackpool": 1500.0,
  "Remo": 1500.0,
  "Fluminense": 1500.0,
  "Aali Club": 1500.0,
  "Bahrain SC": 1500.0,
  "Dila Gori": 1500.0,
  "Meshakhte Tkibuli": 1500.0,
  "Al Jandal": 1500.0,
  "Al Diriyah": 1500.0,
  "Cruz Azul W": 1500.0,
  "Necaxa W": 1500.0,
  "Posusje": 1500.0,
  "Zeljeznicar": 1500.0,
  "Stade Malien (Mli)": 1500.0,
  "Esperance Tunis (Tun)": 1500.0,
  "Melbourne City W": 1500.0,
  "Brisbane Roar W": 1500.0,
  "Sitra": 1500.0,
  "Al-Budaiya": 1500.0,
  "Celta Vigo": 1500.0,
  "Lyon": 1500.0,
  "Baghdad": 1500.0,
  "Newroz": 1500.0,
  "Altach": 1500.0,
  "BW Linz": 1500.0,
  "Blooming": 1500.0,
  "Oriente Petrolero": 1500.0,
  "Ath Bilbao": 1522.5,
  "Levante": 1477.5,
  "Switzerland U17 W": 1500.0,
  "Greece U17 W": 1500.0,
  "Sevilla": 1500.0,
  "Girona": 1500.0,
  "Ecuador U20 W": 1500.0,
  "Bolivia U20 W": 1500.0,
  "Belgium U17 W": 1500.0,
  "Azerbaijan U17 W": 1500.0,
  "Bnei Yehuda": 1500.0,
  "H. Akko": 1500.0,
  "Talleres Jr": 1500.0,
  "Inter F.A": 1500.0,
  "Vikingur Reykjavik W": 1500.0,
  "Fram W": 1500.0,
  "Olympique de Safi (Mar)": 1500.0,
  "Djoliba (Mli)": 1500.0,
  "Sarmiento Junin": 1500.0,
  "Atl. Tucuman": 1500.0,
  "Tampines": 1500.0,
  "Bangkok Utd": 1500.0,
  "Confianca": 1522.5,
  "Tombense": 1477.5,
  "Slavia Sofia": 1477.5,
  "Lok. Plovdiv": 1522.5,
  "Platense": 1500.0,
  "Choloma": 1500.0,
  "Alaves": 1477.5,
  "Getafe": 1522.5,
  "Independiente": 1500.0,
  "Tomayapo": 1500.0,
  "Suriname U17": 1500.0,
  "Bermuda U17": 1500.0,
  "Shan Utd": 1500.0,
  "Mahar United": 1500.0,
  "Fluminense U20 W": 1500.0,
  "Litoral Norte U20 W": 1500.0,
  "WS Wanderers U21": 1500.0,
  "Rockdale Ilinden": 1500.0,
  "Al-Hidd": 1500.0,
  "Sydney Olympic": 1500.0,
  "Blacktown City": 1500.0,
  "South Melbourne": 1500.0,
  "Vanuatu United": 1500.0,
  "Monsoon": 1500.0,
  "Inter Santa Maria": 1500.0,
  "Omonia Aradippou": 1500.0,
  "Chloraka": 1500.0,
  "Velez Sarsfield": 1500.0,
  "Boca Juniors": 1500.0,
  "Santa Catarina": 1500.0,
  "Jacuipense": 1500.0,
  "Sydney W": 1500.0,
  "Canberra W": 1500.0,
  "FAS": 1500.0,
  "Zacatecoluca": 1500.0,
  "Le Havre": 1500.0,
  "Atalanta": 1499.223572073265,
  "Beveren": 1500.0,
  "Lommel SK": 1500.0,
  "Aris": 1500.0,
  "Anorthosis": 1500.0,
  "Amiens": 1500.0,
  "Clermont": 1500.0,
  "Bumamuru": 1500.0,
  "Dynamik": 1500.0,
  "Barracas Central": 1500.0,
  "Gimnasia L.P.": 1500.0,
  "Fauve Azur Elite": 1500.0,
  "Bamenda": 1500.0,
  "Sporting Cristal U20 (Per)": 1500.0,
  "U. Catolica U20 (Ecu)": 1500.0,
  "Samsunspor": 1500.0,
  "Rayo Vallecano": 1500.0,
  "Nacional Potosi": 1500.0,
  "Real Potosi": 1500.0,
  "Pigotts Bullets": 1500.0,
  "Attacking Saints": 1500.0,
  "Valencia": 1500.0,
  "Real Madrid": 1500.0,
  "Al Shomooa": 1500.0,
  "Abi Al Ashar": 1500.0,
  "Cruzeiro": 1500.0,
  "America MG": 1500.0,
  "Cobreloa": 1500.0,
  "Antofagasta": 1500.0,